Year,Date,Control_Set,Control,Control_Name,Control_Family_Code,Definition,Compliance_Score,Reporting_Date,ObjectId
2022,2022/12/31 07:00:00+00,NIST SP 800-53 (Rev. 5),NIST 1,Access Control,AC,"Access to assets and associated facilities is limited to authorized users, processes, or devices, and to authorized activities and transactions.",18,2022/12/31 07:00:00+00,1
2022,2022/12/31 07:00:00+00,NIST SP 800-53 (Rev. 5),NIST 2,Awareness and Training ,AT,"The organization’s personnel and partners are provided cybersecurity awareness education and are adequately trained to perform their information security-related duties and responsibilities consistent with related policies, procedures, and agreements.",23,2022/12/31 07:00:00+00,2
2022,2022/12/31 07:00:00+00,NIST SP 800-53 (Rev. 5),NIST 3,Audit and Accountability,AU,,32,2022/12/31 07:00:00+00,3
2022,2022/12/31 07:00:00+00,NIST SP 800-53 (Rev. 5),NIST 4,"Assessment, Authorization, and Monitoring",CA,,71,2022/12/31 07:00:00+00,4
2022,2022/12/31 07:00:00+00,NIST SP 800-53 (Rev. 5),NIST 5,Configuration Management,CM,,77,2022/12/31 07:00:00+00,5
2022,2022/12/31 07:00:00+00,NIST SP 800-53 (Rev. 5),NIST 6,Contingency Planning,CP,,76,2022/12/31 07:00:00+00,6
2022,2022/12/31 07:00:00+00,NIST SP 800-53 (Rev. 5),NIST 7,Identification and Authentication,IA,,21,2022/12/31 07:00:00+00,7
2022,2022/12/31 07:00:00+00,NIST SP 800-53 (Rev. 5),NIST 8,Incident Response,IR,,68,2022/12/31 07:00:00+00,8
2022,2022/12/31 07:00:00+00,NIST SP 800-53 (Rev. 5),NIST 9,Maintenance,MA,Maintenance and repairs of industrial control and information system components is performed consistent with policies and procedures.,48,2022/12/31 07:00:00+00,9
2022,2022/12/31 07:00:00+00,NIST SP 800-53 (Rev. 5),NIST 10,Media Protection,MP,,41,2022/12/31 07:00:00+00,10
2022,2022/12/31 07:00:00+00,NIST SP 800-53 (Rev. 5),NIST 11,Phyical and Environmental Protection,PE,,66,2022/12/31 07:00:00+00,11
2022,2022/12/31 07:00:00+00,NIST SP 800-53 (Rev. 5),NIST 12,Planning,PL,,45,2022/12/31 07:00:00+00,12
2022,2022/12/31 07:00:00+00,NIST SP 800-53 (Rev. 5),NIST 13,Program Management,PM,,80,2022/12/31 07:00:00+00,13
2022,2022/12/31 07:00:00+00,NIST SP 800-53 (Rev. 5),NIST 14,Personnel Security,PS,,83,2022/12/31 07:00:00+00,14
2022,2022/12/31 07:00:00+00,NIST SP 800-53 (Rev. 5),NIST 15,PII Processing and Transperancy,PT,,67,2022/12/31 07:00:00+00,15
2022,2022/12/31 07:00:00+00,NIST SP 800-53 (Rev. 5),NIST 16,Risk Assessment,RA,"The organization understands the cybersecurity risk to organizational operations (including mission, functions, image, or reputation), organizational assets, and individuals.",67,2022/12/31 07:00:00+00,16
2022,2022/12/31 07:00:00+00,NIST SP 800-53 (Rev. 5),NIST 17,System and Services Acquisition,SA,,54,2022/12/31 07:00:00+00,17
2022,2022/12/31 07:00:00+00,NIST SP 800-53 (Rev. 5),NIST 18,System and Communication Protection,SC,,60,2022/12/31 07:00:00+00,18
2022,2022/12/31 07:00:00+00,NIST SP 800-53 (Rev. 5),NIST 19,System and Information Integrity,SI,,67,2022/12/31 07:00:00+00,19
2022,2022/12/31 07:00:00+00,NIST SP 800-53 (Rev. 5),NIST 20,Supply Chain Risk Management,SR,The implementation of strategies to manage both everyday and exceptional risks along the supply chain based on continuous risk assessment with the objective of reducing vulnerability and ensuring continuity.,61,2022/12/31 07:00:00+00,20
2021,2021/12/31 07:00:00+00,NIST SP 800-53 (Rev. 5),NIST 1,Access Control,AC,"Access to assets and associated facilities is limited to authorized users, processes, or devices, and to authorized activities and transactions.",72,2021/12/31 07:00:00+00,21
2021,2021/12/31 07:00:00+00,NIST SP 800-53 (Rev. 5),NIST 2,Awareness and Training ,AT,"The organization’s personnel and partners are provided cybersecurity awareness education and are adequately trained to perform their information security-related duties and responsibilities consistent with related policies, procedures, and agreements.",82,2021/12/31 07:00:00+00,22
2021,2021/12/31 07:00:00+00,NIST SP 800-53 (Rev. 5),NIST 3,Audit and Accountability,AU,,52,2021/12/31 07:00:00+00,23
2021,2021/12/31 07:00:00+00,NIST SP 800-53 (Rev. 5),NIST 4,"Assessment, Authorization, and Monitoring",CA,,71,2021/12/31 07:00:00+00,24
2021,2021/12/31 07:00:00+00,NIST SP 800-53 (Rev. 5),NIST 5,Configuration Management,CM,,74,2021/12/31 07:00:00+00,25
2021,2021/12/31 07:00:00+00,NIST SP 800-53 (Rev. 5),NIST 6,Contingency Planning,CP,,73,2021/12/31 07:00:00+00,26
2021,2021/12/31 07:00:00+00,NIST SP 800-53 (Rev. 5),NIST 7,Identification and Authentication,IA,,87,2021/12/31 07:00:00+00,27
2021,2021/12/31 07:00:00+00,NIST SP 800-53 (Rev. 5),NIST 8,Incident Response,IR,,64,2021/12/31 07:00:00+00,28
2021,2021/12/31 07:00:00+00,NIST SP 800-53 (Rev. 5),NIST 9,Maintenance,MA,Maintenance and repairs of industrial control and information system components is performed consistent with policies and procedures.,46,2021/12/31 07:00:00+00,29
2021,2021/12/31 07:00:00+00,NIST SP 800-53 (Rev. 5),NIST 10,Media Protection,MP,,31,2021/12/31 07:00:00+00,30
2021,2021/12/31 07:00:00+00,NIST SP 800-53 (Rev. 5),NIST 11,Phyical and Environmental Protection,PE,,58,2021/12/31 07:00:00+00,31
2021,2021/12/31 07:00:00+00,NIST SP 800-53 (Rev. 5),NIST 12,Planning,PL,,72,2021/12/31 07:00:00+00,32
2021,2021/12/31 07:00:00+00,NIST SP 800-53 (Rev. 5),NIST 13,Program Management,PM,,68,2021/12/31 07:00:00+00,33
2021,2021/12/31 07:00:00+00,NIST SP 800-53 (Rev. 5),NIST 14,Personnel Security,PS,,73,2021/12/31 07:00:00+00,34
2021,2021/12/31 07:00:00+00,NIST SP 800-53 (Rev. 5),NIST 15,PII Processing and Transperancy,PT,,77,2021/12/31 07:00:00+00,35
2021,2021/12/31 07:00:00+00,NIST SP 800-53 (Rev. 5),NIST 16,Risk Assessment,RA,"The organization understands the cybersecurity risk to organizational operations (including mission, functions, image, or reputation), organizational assets, and individuals.",67,2021/12/31 07:00:00+00,36
2021,2021/12/31 07:00:00+00,NIST SP 800-53 (Rev. 5),NIST 17,System and Services Acquisition,SA,,74,2021/12/31 07:00:00+00,37
2021,2021/12/31 07:00:00+00,NIST SP 800-53 (Rev. 5),NIST 18,System and Communication Protection,SC,,76,2021/12/31 07:00:00+00,38
2021,2021/12/31 07:00:00+00,NIST SP 800-53 (Rev. 5),NIST 19,System and Information Integrity,SI,,60,2021/12/31 07:00:00+00,39
2021,2021/12/31 07:00:00+00,NIST SP 800-53 (Rev. 5),NIST 20,Supply Chain Risk Management,SR,The implementation of strategies to manage both everyday and exceptional risks along the supply chain based on continuous risk assessment with the objective of reducing vulnerability and ensuring continuity.,63,2021/12/31 07:00:00+00,40
2020,2020/12/31 07:00:00+00,NIST CSF,NIST 1,Asset Management,,"The data, personnel, devices, systems, and facilities that enable the organization to achieve business purposes are identified and managed consistent with their relative importance to business objectives and the organization’s risk strategy.",63,2020/12/31 07:00:00+00,41
2020,2020/12/31 07:00:00+00,NIST CSF,NIST 2,Business Environment,,"The organization’s mission, objectives, stakeholders, and activities are understood and prioritized; this information is used to inform cybersecurity roles, responsibilities, and risk management decisions.",92,2020/12/31 07:00:00+00,42
2020,2020/12/31 07:00:00+00,NIST CSF,NIST 3,Governance,,"The policies, procedures, and processes to manage and monitor the organization’s regulatory, legal, risk, environmental, and operational requirements are understood and inform the management of cybersecurity risk.",73,2020/12/31 07:00:00+00,43
2020,2020/12/31 07:00:00+00,NIST CSF,NIST 4,Risk Assessment,,"The organization understands the cybersecurity risk to organizational operations (including mission, functions, image, or reputation), organizational assets, and individuals.",63,2020/12/31 07:00:00+00,44
2020,2020/12/31 07:00:00+00,NIST CSF,NIST 5,Risk Management Strategy,,"The organization’s priorities, constraints, risk tolerances, and assumptions are established and used to support operational risk decisions.",73,2020/12/31 07:00:00+00,45
2020,2020/12/31 07:00:00+00,NIST CSF,NIST 6,Supply Chain Risk Management,,The implementation of strategies to manage both everyday and exceptional risks along the supply chain based on continuous risk assessment with the objective of reducing vulnerability and ensuring continuity.,46,2020/12/31 07:00:00+00,46
2020,2020/12/31 07:00:00+00,NIST CSF,NIST 7,"Identity Management, Authentication and Access",,"Access to assets and associated facilities is limited to authorized users, processes, or devices, and to authorized activities and transactions.",74,2020/12/31 07:00:00+00,47
2020,2020/12/31 07:00:00+00,NIST CSF,NIST 8,Awareness and Training,,"The organization’s personnel and partners are provided cybersecurity awareness education and are adequately trained to perform their information security-related duties and responsibilities consistent with related policies, procedures, and agreements.",76,2020/12/31 07:00:00+00,48
2020,2020/12/31 07:00:00+00,NIST CSF,NIST 9,Data Security,,"Information and records (data) are managed consistent with the organization’s risk strategy to protect the confidentiality, integrity, and availability of information.",56,2020/12/31 07:00:00+00,49
2020,2020/12/31 07:00:00+00,NIST CSF,NIST 10,Information Protection Processes and Procedures,,"Security policies (that address purpose, scope, roles, responsibilities, management commitment, and coordination among organizational entities), processes, and procedures are maintained and used to manage protection of information systems and assets.",89,2020/12/31 07:00:00+00,50
2020,2020/12/31 07:00:00+00,NIST CSF,NIST 11,Maintenance,,Maintenance and repairs of industrial control and information system components is performed consistent with policies and procedures.,45,2020/12/31 07:00:00+00,51
2020,2020/12/31 07:00:00+00,NIST CSF,NIST 12,Protective Technology,,"Technical security solutions are managed to ensure the security and resilience of systems and assets, consistent with related policies, procedures, and agreements.",44,2020/12/31 07:00:00+00,52
2020,2020/12/31 07:00:00+00,NIST CSF,NIST 13,Anomalies and Events,,Anomalous activity is detected in a timely manner and the potential impact of events is understood.,50,2020/12/31 07:00:00+00,53
2020,2020/12/31 07:00:00+00,NIST CSF,NIST 14,Security Continuous Monitoring,,The information system and assets are monitored at discrete intervals to identify cybersecurity events and verify the effectiveness of protective measures.,68,2020/12/31 07:00:00+00,54
2020,2020/12/31 07:00:00+00,NIST CSF,NIST 15,Detection Processes,,Detection processes and procedures are maintained and tested to ensure timely and adequate awareness of anomalous events.,50,2020/12/31 07:00:00+00,55
2020,2020/12/31 07:00:00+00,NIST CSF,NIST 16,Response Planning,,"Response processes and procedures are executed and maintained, to ensure timely response to detected cybersecurity events.",80,2020/12/31 07:00:00+00,56
2020,2020/12/31 07:00:00+00,NIST CSF,NIST 17,Internal Communications,,"Response activities are coordinated with internal and external stakeholders, as appropriate, to include external support from law enforcement agencies",60,2020/12/31 07:00:00+00,57
2020,2020/12/31 07:00:00+00,NIST CSF,NIST 18,Incident Analysis,,Analysis is conducted to ensure adequate response and support recovery activities.,54,2020/12/31 07:00:00+00,58
2020,2020/12/31 07:00:00+00,NIST CSF,NIST 19,Mitigation,,"Activities are performed to prevent expansion of an event, mitigate its effects, and eradicate the incident.",67,2020/12/31 07:00:00+00,59
2020,2020/12/31 07:00:00+00,NIST CSF,NIST 20,Recovery Plan Improvements,,Organizational response activities are improved by incorporating lessons learned from current and previous detection/response activities.,50,2020/12/31 07:00:00+00,60
2020,2020/12/31 07:00:00+00,NIST CSF,NIST 21,Recovery Planning,,Recovery processes and procedures are executed and maintained to ensure timely restoration of systems or assets affected by cybersecurity events.,30,2020/12/31 07:00:00+00,61
2020,2020/12/31 07:00:00+00,NIST CSF,NIST 22,Response Plan Improvements,,Recovery planning and processes are improved by incorporating lessons learned into future activities.,70,2020/12/31 07:00:00+00,62
2020,2020/12/31 07:00:00+00,NIST CSF,NIST 23,External Communications,,"Restoration activities are coordinated with internal and external parties, such as coordinating centers, Internet Service Providers, owners of attacking systems, victims, other CSIRTs, and vendors.",80,2020/12/31 07:00:00+00,63
2019,2019/12/31 07:00:00+00,NIST CSF,NIST 1,Asset Management,,"The data, personnel, devices, systems, and facilities that enable the organization to achieve business purposes are identified and managed consistent with their relative importance to business objectives and the organization’s risk strategy.",63,2019/12/31 07:00:00+00,64
2019,2019/12/31 07:00:00+00,NIST CSF,NIST 2,Business Environment,,"The organization’s mission, objectives, stakeholders, and activities are understood and prioritized; this information is used to inform cybersecurity roles, responsibilities, and risk management decisions.",92,2019/12/31 07:00:00+00,65
2019,2019/12/31 07:00:00+00,NIST CSF,NIST 3,Governance,,"The policies, procedures, and processes to manage and monitor the organization’s regulatory, legal, risk, environmental, and operational requirements are understood and inform the management of cybersecurity risk.",73,2019/12/31 07:00:00+00,66
2019,2019/12/31 07:00:00+00,NIST CSF,NIST 4,Risk Assessment,,"The organization understands the cybersecurity risk to organizational operations (including mission, functions, image, or reputation), organizational assets, and individuals.",58,2019/12/31 07:00:00+00,67
2019,2019/12/31 07:00:00+00,NIST CSF,NIST 5,Risk Management Strategy,,"The organization’s priorities, constraints, risk tolerances, and assumptions are established and used to support operational risk decisions.",67,2019/12/31 07:00:00+00,68
2019,2019/12/31 07:00:00+00,NIST CSF,NIST 6,Supply Chain Risk Management,,The implementation of strategies to manage both everyday and exceptional risks along the supply chain based on continuous risk assessment with the objective of reducing vulnerability and ensuring continuity.,34,2019/12/31 07:00:00+00,69
2019,2019/12/31 07:00:00+00,NIST CSF,NIST 7,"Identity Management, Authentication and Access",,"Access to assets and associated facilities is limited to authorized users, processes, or devices, and to authorized activities and transactions.",71,2019/12/31 07:00:00+00,70
2019,2019/12/31 07:00:00+00,NIST CSF,NIST 8,Awareness and Training,,"The organization’s personnel and partners are provided cybersecurity awareness education and are adequately trained to perform their information security-related duties and responsibilities consistent with related policies, procedures, and agreements.",76,2019/12/31 07:00:00+00,71
2019,2019/12/31 07:00:00+00,NIST CSF,NIST 9,Data Security,,"Information and records (data) are managed consistent with the organization’s risk strategy to protect the confidentiality, integrity, and availability of information.",56,2019/12/31 07:00:00+00,72
2019,2019/12/31 07:00:00+00,NIST CSF,NIST 10,Information Protection Processes and Procedures,,"Security policies (that address purpose, scope, roles, responsibilities, management commitment, and coordination among organizational entities), processes, and procedures are maintained and used to manage protection of information systems and assets.",89,2019/12/31 07:00:00+00,73
2019,2019/12/31 07:00:00+00,NIST CSF,NIST 11,Maintenance,,Maintenance and repairs of industrial control and information system components is performed consistent with policies and procedures.,45,2019/12/31 07:00:00+00,74
2019,2019/12/31 07:00:00+00,NIST CSF,NIST 12,Protective Technology,,"Technical security solutions are managed to ensure the security and resilience of systems and assets, consistent with related policies, procedures, and agreements.",44,2019/12/31 07:00:00+00,75
2019,2019/12/31 07:00:00+00,NIST CSF,NIST 13,Anomalies and Events,,Anomalous activity is detected in a timely manner and the potential impact of events is understood.,50,2019/12/31 07:00:00+00,76
2019,2019/12/31 07:00:00+00,NIST CSF,NIST 14,Security Continuous Monitoring,,The information system and assets are monitored at discrete intervals to identify cybersecurity events and verify the effectiveness of protective measures.,66,2019/12/31 07:00:00+00,77
2019,2019/12/31 07:00:00+00,NIST CSF,NIST 15,Detection Processes,,Detection processes and procedures are maintained and tested to ensure timely and adequate awareness of anomalous events.,50,2019/12/31 07:00:00+00,78
2019,2019/12/31 07:00:00+00,NIST CSF,NIST 16,Response Planning,,"Response processes and procedures are executed and maintained, to ensure timely response to detected cybersecurity events.",60,2019/12/31 07:00:00+00,79
2019,2019/12/31 07:00:00+00,NIST CSF,NIST 17,Internal Communications,,"Response activities are coordinated with internal and external stakeholders, as appropriate, to include external support from law enforcement agencies",60,2019/12/31 07:00:00+00,80
2019,2019/12/31 07:00:00+00,NIST CSF,NIST 18,Incident Analysis,,Analysis is conducted to ensure adequate response and support recovery activities.,54,2019/12/31 07:00:00+00,81
2019,2019/12/31 07:00:00+00,NIST CSF,NIST 19,Mitigation,,"Activities are performed to prevent expansion of an event, mitigate its effects, and eradicate the incident.",67,2019/12/31 07:00:00+00,82
2019,2019/12/31 07:00:00+00,NIST CSF,NIST 20,Recovery Plan Improvements,,Organizational response activities are improved by incorporating lessons learned from current and previous detection/response activities.,50,2019/12/31 07:00:00+00,83
2019,2019/12/31 07:00:00+00,NIST CSF,NIST 21,Recovery Planning,,Recovery processes and procedures are executed and maintained to ensure timely restoration of systems or assets affected by cybersecurity events.,30,2019/12/31 07:00:00+00,84
2019,2019/12/31 07:00:00+00,NIST CSF,NIST 22,Response Plan Improvements,,Recovery planning and processes are improved by incorporating lessons learned into future activities.,70,2019/12/31 07:00:00+00,85
2019,2019/12/31 07:00:00+00,NIST CSF,NIST 23,External Communications,,"Restoration activities are coordinated with internal and external parties, such as coordinating centers, Internet Service Providers, owners of attacking systems, victims, other CSIRTs, and vendors.",80,2019/12/31 07:00:00+00,86
2018,2018/12/31 07:00:00+00,NIST CSF,NIST 1,Asset Management,,"The data, personnel, devices, systems, and facilities that enable the organization to achieve business purposes are identified and managed consistent with their relative importance to business objectives and the organization’s risk strategy.",63,2018/09/30 07:00:00+00,87
2018,2018/12/31 07:00:00+00,NIST CSF,NIST 2,Business Environment,,"The organization’s mission, objectives, stakeholders, and activities are understood and prioritized; this information is used to inform cybersecurity roles, responsibilities, and risk management decisions.",92,2018/09/30 07:00:00+00,88
2018,2018/12/31 07:00:00+00,NIST CSF,NIST 3,Governance,,"The policies, procedures, and processes to manage and monitor the organization’s regulatory, legal, risk, environmental, and operational requirements are understood and inform the management of cybersecurity risk.",60,2018/09/30 07:00:00+00,89
2018,2018/12/31 07:00:00+00,NIST CSF,NIST 4,Risk Assessment,,"The organization understands the cybersecurity risk to organizational operations (including mission, functions, image, or reputation), organizational assets, and individuals.",57,2018/09/30 07:00:00+00,90
2018,2018/12/31 07:00:00+00,NIST CSF,NIST 5,Risk Management Strategy,,"The organization’s priorities, constraints, risk tolerances, and assumptions are established and used to support operational risk decisions.",67,2018/09/30 07:00:00+00,91
2018,2018/12/31 07:00:00+00,NIST CSF,NIST 7,Access Control,,"Access to assets and associated facilities is limited to authorized users, processes, or devices, and to authorized activities and transactions.",28,2018/09/30 07:00:00+00,92
2018,2018/12/31 07:00:00+00,NIST CSF,NIST 8,Awareness and Training,,"The organization’s personnel and partners are provided cybersecurity awareness education and are adequately trained to perform their information security-related duties and responsibilities consistent with related policies, procedures, and agreements.",80,2018/09/30 07:00:00+00,93
2018,2018/12/31 07:00:00+00,NIST CSF,NIST 9,Data Security,,"Information and records (data) are managed consistent with the organization’s risk strategy to protect the confidentiality, integrity, and availability of information.",54,2018/09/30 07:00:00+00,94
2018,2018/12/31 07:00:00+00,NIST CSF,NIST 10,Information Protection,,"Security policies (that address purpose, scope, roles, responsibilities, management commitment, and coordination among organizational entities), processes, and procedures are maintained and used to manage protection of information systems and assets.",68,2018/09/30 07:00:00+00,95
2018,2018/12/31 07:00:00+00,NIST CSF,NIST 11,Maintenance,,Maintenance and repairs of industrial control and information system components is performed consistent with policies and procedures.,88,2018/09/30 07:00:00+00,96
2018,2018/12/31 07:00:00+00,NIST CSF,NIST 12,Protective Technology,,"Technical security solutions are managed to ensure the security and resilience of systems and assets, consistent with related policies, procedures, and agreements.",40,2018/09/30 07:00:00+00,97
2018,2018/12/31 07:00:00+00,NIST CSF,NIST 13,Anomalies and Events,,Anomalous activity is detected in a timely manner and the potential impact of events is understood.,46,2018/09/30 07:00:00+00,98
2018,2018/12/31 07:00:00+00,NIST CSF,NIST 14,Security Monitoring,,The information system and assets are monitored at discrete intervals to identify cybersecurity events and verify the effectiveness of protective measures.,56,2018/09/30 07:00:00+00,99
2018,2018/12/31 07:00:00+00,NIST CSF,NIST 15,Detection Processes,,Detection processes and procedures are maintained and tested to ensure timely and adequate awareness of anomalous events.,55,2018/09/30 07:00:00+00,100
2018,2018/12/31 07:00:00+00,NIST CSF,NIST 16,Response Planning,,"Response processes and procedures are executed and maintained, to ensure timely response to detected cybersecurity events.",50,2018/09/30 07:00:00+00,101
2018,2018/12/31 07:00:00+00,NIST CSF,NIST 17,Internal Communications,,"Response activities are coordinated with internal and external stakeholders, as appropriate, to include external support from law enforcement agencies",60,2018/09/30 07:00:00+00,102
2018,2018/12/31 07:00:00+00,NIST CSF,NIST 18,Incident Analysis,,Analysis is conducted to ensure adequate response and support recovery activities.,56,2018/09/30 07:00:00+00,103
2018,2018/12/31 07:00:00+00,NIST CSF,NIST 19,Mitigation,,"Activities are performed to prevent expansion of an event, mitigate its effects, and eradicate the incident.",54,2018/09/30 07:00:00+00,104
2018,2018/12/31 07:00:00+00,NIST CSF,NIST 20,Recovery Plan Improvements,,Organizational response activities are improved by incorporating lessons learned from current and previous detection/response activities.,67,2018/09/30 07:00:00+00,105
2018,2018/12/31 07:00:00+00,NIST CSF,NIST 21,Recovery Planning,,Recovery processes and procedures are executed and maintained to ensure timely restoration of systems or assets affected by cybersecurity events.,30,2018/09/30 07:00:00+00,106
2018,2018/12/31 07:00:00+00,NIST CSF,NIST 22,Response Plan Improvements,,Recovery planning and processes are improved by incorporating lessons learned into future activities.,60,2018/09/30 07:00:00+00,107
2018,2018/12/31 07:00:00+00,NIST CSF,NIST 23,External Communications,,"Restoration activities are coordinated with internal and external parties, such as coordinating centers, Internet Service Providers, owners of attacking systems, victims, other CSIRTs, and vendors.",80,2018/09/30 07:00:00+00,108
2017,2017/12/31 07:00:00+00,NIST CSF,NIST 1,Asset Management,,"The data, personnel, devices, systems, and facilities that enable the organization to achieve business purposes are identified and managed consistent with their relative importance to business objectives and the organization’s risk strategy.",70,2017/09/30 07:00:00+00,109
2017,2017/12/31 07:00:00+00,NIST CSF,NIST 2,Business Environment,,"The organization’s mission, objectives, stakeholders, and activities are understood and prioritized; this information is used to inform cybersecurity roles, responsibilities, and risk management decisions.",60,2017/09/30 07:00:00+00,110
2017,2017/12/31 07:00:00+00,NIST CSF,NIST 3,Governance,,"The policies, procedures, and processes to manage and monitor the organization’s regulatory, legal, risk, environmental, and operational requirements are understood and inform the management of cybersecurity risk.",55,2017/09/30 07:00:00+00,111
2017,2017/12/31 07:00:00+00,NIST CSF,NIST 4,Risk Assessment,,"The organization understands the cybersecurity risk to organizational operations (including mission, functions, image, or reputation), organizational assets, and individuals.",57,2017/09/30 07:00:00+00,112
2017,2017/12/31 07:00:00+00,NIST CSF,NIST 5,Risk Management Strategy,,"The organization’s priorities, constraints, risk tolerances, and assumptions are established and used to support operational risk decisions.",20,2017/09/30 07:00:00+00,113
2017,2017/12/31 07:00:00+00,NIST CSF,NIST 7,Access Control,,"Access to assets and associated facilities is limited to authorized users, processes, or devices, and to authorized activities and transactions.",76,2017/09/30 07:00:00+00,114
2017,2017/12/31 07:00:00+00,NIST CSF,NIST 8,Awareness and Training,,"The organization’s personnel and partners are provided cybersecurity awareness education and are adequately trained to perform their information security-related duties and responsibilities consistent with related policies, procedures, and agreements.",72,2017/09/30 07:00:00+00,115
2017,2017/12/31 07:00:00+00,NIST CSF,NIST 9,Data Security,,"Information and records (data) are managed consistent with the organization’s risk strategy to protect the confidentiality, integrity, and availability of information.",63,2017/09/30 07:00:00+00,116
2017,2017/12/31 07:00:00+00,NIST CSF,NIST 10,Information Protection,,"Security policies (that address purpose, scope, roles, responsibilities, management commitment, and coordination among organizational entities), processes, and procedures are maintained and used to manage protection of information systems and assets.",67,2017/09/30 07:00:00+00,117
2017,2017/12/31 07:00:00+00,NIST CSF,NIST 11,Maintenance,,Maintenance and repairs of industrial control and information system components is performed consistent with policies and procedures.,90,2017/09/30 07:00:00+00,118
2017,2017/12/31 07:00:00+00,NIST CSF,NIST 12,Protective Technology,,"Technical security solutions are managed to ensure the security and resilience of systems and assets, consistent with related policies, procedures, and agreements.",50,2017/09/30 07:00:00+00,119
2017,2017/12/31 07:00:00+00,NIST CSF,NIST 13,Anomalies and Events,,Anomalous activity is detected in a timely manner and the potential impact of events is understood.,52,2017/09/30 07:00:00+00,120
2017,2017/12/31 07:00:00+00,NIST CSF,NIST 14,Security Monitoring,,The information system and assets are monitored at discrete intervals to identify cybersecurity events and verify the effectiveness of protective measures.,35,2017/09/30 07:00:00+00,121
2017,2017/12/31 07:00:00+00,NIST CSF,NIST 15,Detection Processes,,Detection processes and procedures are maintained and tested to ensure timely and adequate awareness of anomalous events.,44,2017/09/30 07:00:00+00,122
2017,2017/12/31 07:00:00+00,NIST CSF,NIST 16,Response Planning,,"Response processes and procedures are executed and maintained, to ensure timely response to detected cybersecurity events.",100,2017/09/30 07:00:00+00,123
2017,2017/12/31 07:00:00+00,NIST CSF,NIST 17,Internal Communications,,"Response activities are coordinated with internal and external stakeholders, as appropriate, to include external support from law enforcement agencies",68,2017/09/30 07:00:00+00,124
2017,2017/12/31 07:00:00+00,NIST CSF,NIST 18,Incident Analysis,,Analysis is conducted to ensure adequate response and support recovery activities.,75,2017/09/30 07:00:00+00,125
2017,2017/12/31 07:00:00+00,NIST CSF,NIST 19,Mitigation,,"Activities are performed to prevent expansion of an event, mitigate its effects, and eradicate the incident.",80,2017/09/30 07:00:00+00,126
2017,2017/12/31 07:00:00+00,NIST CSF,NIST 20,Recovery Plan Improvements,,Organizational response activities are improved by incorporating lessons learned from current and previous detection/response activities.,80,2017/09/30 07:00:00+00,127
2017,2017/12/31 07:00:00+00,NIST CSF,NIST 21,Recovery Planning,,Recovery processes and procedures are executed and maintained to ensure timely restoration of systems or assets affected by cybersecurity events.,100,2017/09/30 07:00:00+00,128
2017,2017/12/31 07:00:00+00,NIST CSF,NIST 22,Response Plan Improvements,,Recovery planning and processes are improved by incorporating lessons learned into future activities.,90,2017/09/30 07:00:00+00,129
2017,2017/12/31 07:00:00+00,NIST CSF,NIST 23,External Communications,,"Restoration activities are coordinated with internal and external parties, such as coordinating centers, Internet Service Providers, owners of attacking systems, victims, other CSIRTs, and vendors.",93,2017/09/30 07:00:00+00,130
2016,2016/12/31 07:00:00+00,NIST CSF,NIST 1,Asset Management,,"The data, personnel, devices, systems, and facilities that enable the organization to achieve business purposes are identified and managed consistent with their relative importance to business objectives and the organization’s risk strategy.",40,2016/03/31 07:00:00+00,131
2016,2016/12/31 07:00:00+00,NIST CSF,NIST 2,Business Environment,,"The organization’s mission, objectives, stakeholders, and activities are understood and prioritized; this information is used to inform cybersecurity roles, responsibilities, and risk management decisions.",100,2016/03/31 07:00:00+00,132
2016,2016/12/31 07:00:00+00,NIST CSF,NIST 3,Governance,,"The policies, procedures, and processes to manage and monitor the organization’s regulatory, legal, risk, environmental, and operational requirements are understood and inform the management of cybersecurity risk.",80,2016/03/31 07:00:00+00,133
2016,2016/12/31 07:00:00+00,NIST CSF,NIST 4,Risk Assessment,,"The organization understands the cybersecurity risk to organizational operations (including mission, functions, image, or reputation), organizational assets, and individuals.",40,2016/03/31 07:00:00+00,134
2016,2016/12/31 07:00:00+00,NIST CSF,NIST 5,Risk Management Strategy,,"The organization’s priorities, constraints, risk tolerances, and assumptions are established and used to support operational risk decisions.",20,2016/03/31 07:00:00+00,135
2016,2016/12/31 07:00:00+00,NIST CSF,NIST 7,Access Control,,"Access to assets and associated facilities is limited to authorized users, processes, or devices, and to authorized activities and transactions.",80,2016/03/31 07:00:00+00,136
2016,2016/12/31 07:00:00+00,NIST CSF,NIST 8,Awareness and Training,,"The organization’s personnel and partners are provided cybersecurity awareness education and are adequately trained to perform their information security-related duties and responsibilities consistent with related policies, procedures, and agreements.",60,2016/03/31 07:00:00+00,137
2016,2016/12/31 07:00:00+00,NIST CSF,NIST 9,Data Security,,"Information and records (data) are managed consistent with the organization’s risk strategy to protect the confidentiality, integrity, and availability of information.",80,2016/03/31 07:00:00+00,138
2016,2016/12/31 07:00:00+00,NIST CSF,NIST 10,Information Protection,,"Security policies (that address purpose, scope, roles, responsibilities, management commitment, and coordination among organizational entities), processes, and procedures are maintained and used to manage protection of information systems and assets.",100,2016/03/31 07:00:00+00,139
2016,2016/12/31 07:00:00+00,NIST CSF,NIST 11,Maintenance,,Maintenance and repairs of industrial control and information system components is performed consistent with policies and procedures.,20,2016/03/31 07:00:00+00,140
2016,2016/12/31 07:00:00+00,NIST CSF,NIST 12,Protective Technology,,"Technical security solutions are managed to ensure the security and resilience of systems and assets, consistent with related policies, procedures, and agreements.",40,2016/03/31 07:00:00+00,141
2016,2016/12/31 07:00:00+00,NIST CSF,NIST 13,Anomalies and Events,,Anomalous activity is detected in a timely manner and the potential impact of events is understood.,60,2016/03/31 07:00:00+00,142
2016,2016/12/31 07:00:00+00,NIST CSF,NIST 14,Security Monitoring,,The information system and assets are monitored at discrete intervals to identify cybersecurity events and verify the effectiveness of protective measures.,80,2016/03/31 07:00:00+00,143
2016,2016/12/31 07:00:00+00,NIST CSF,NIST 15,Detection Processes,,Detection processes and procedures are maintained and tested to ensure timely and adequate awareness of anomalous events.,60,2016/03/31 07:00:00+00,144
2016,2016/12/31 07:00:00+00,NIST CSF,NIST 16,Response Planning,,"Response processes and procedures are executed and maintained, to ensure timely response to detected cybersecurity events.",20,2016/03/31 07:00:00+00,145
2016,2016/12/31 07:00:00+00,NIST CSF,NIST 17,Internal Communications,,"Response activities are coordinated with internal and external stakeholders, as appropriate, to include external support from law enforcement agencies",40,2016/03/31 07:00:00+00,146
2016,2016/12/31 07:00:00+00,NIST CSF,NIST 18,Incident Analysis,,Analysis is conducted to ensure adequate response and support recovery activities.,80,2016/03/31 07:00:00+00,147
2016,2016/12/31 07:00:00+00,NIST CSF,NIST 19,Mitigation,,"Activities are performed to prevent expansion of an event, mitigate its effects, and eradicate the incident.",80,2016/03/31 07:00:00+00,148
2016,2016/12/31 07:00:00+00,NIST CSF,NIST 20,Recovery Plan Improvements,,Organizational response activities are improved by incorporating lessons learned from current and previous detection/response activities.,60,2016/03/31 07:00:00+00,149
2016,2016/12/31 07:00:00+00,NIST CSF,NIST 21,Recovery Planning,,Recovery processes and procedures are executed and maintained to ensure timely restoration of systems or assets affected by cybersecurity events.,100,2016/03/31 07:00:00+00,150
2016,2016/12/31 07:00:00+00,NIST CSF,NIST 22,Response Plan Improvements,,Recovery planning and processes are improved by incorporating lessons learned into future activities.,80,2016/03/31 07:00:00+00,151
2016,2016/12/31 07:00:00+00,NIST CSF,NIST 23,External Communications,,"Restoration activities are coordinated with internal and external parties, such as coordinating centers, Internet Service Providers, owners of attacking systems, victims, other CSIRTs, and vendors.",80,2016/03/31 07:00:00+00,152
